battery_duration,screen_size,memory,has_GPS,has_Bluetooth,water_resistant,price_range
59.9558514093468,1.2776993932579295,19.702341024154357,0,1,1,2
115.26857341535195,1.8128514210675373,18.81872794431999,0,1,0,2
94.27141841389489,2.3094187538146125,58.3752748312622,0,0,1,3
81.47121448291551,2.098337329614342,18.972771990970365,1,0,0,2
38.97778948247391,2.2098417217921744,20.31698356771786,0,0,0,1
38.97547395227545,1.988175050066076,49.56389574507782,1,0,0,1
29.57602676814715,2.038414846776779,30.9843905470324,1,1,1,0
107.15290999439378,2.273793477347979,50.60263341731087,0,0,0,3
81.70704112734805,1.3745020132887789,7.921969453863115,0,1,1,0
91.97496746842037,1.7341374454647107,33.25427162040306,1,0,0,3
25.976111452397035,1.3318141627294033,6.016816010996958,1,0,1,0
117.11134580755146,2.4815020119949702,7.759192207321272,0,0,0,0
103.91449351684048,2.41608900952992,58.386247200664656,0,0,1,3
44.38455462511451,1.0591402170527588,12.35472226705571,0,0,1,1
41.45519685188166,2.0583627587735327,35.94524093651303,1,1,1,1
41.606832945929646,2.3878724761234986,28.665736156042392,1,0,1,1
53.20725532411562,1.2708630176910003,24.84059957553056,1,0,1,2
74.37661743669483,1.8519178458289443,57.99000074123635,1,0,1,3
65.46672178964312,2.3732324463820627,5.30940380652937,1,1,0,0
51.95799745901202,1.0509189678786983,43.82738117053535,0,1,1,2
82.73787789334843,2.04613040087026,61.80366605281303,0,1,1,3
37.39141062259601,1.4460235110588262,37.610091007710515,1,1,1,1
52.04588625938094,2.3865942930647956,60.20934772198551,1,0,0,2
59.1707369561944,2.4565873677480514,7.135472757161426,0,0,0,0
67.78271848483544,2.4163997336701506,29.127599144449682,0,0,0,2
99.3768922937293,1.7113213249861956,19.60946745772307,0,1,1,2
43.16868308720254,2.29306397648397,47.84925789884379,0,0,0,1
73.36650608770671,2.2668240978026057,62.8778254298348,1,0,0,3
80.87179861075607,1.4786507098648833,19.39180374665487,0,1,1,2
28.45923962111978,2.2433732112260163,43.250476088444465,1,1,1,0
82.32430578253809,1.055511452073239,15.885857965584407,0,1,0,1
40.37031587397999,1.8944048177230797,37.919815274296596,0,0,1,1
30.244952926586834,1.3450132559315546,31.83594920130017,0,0,1,0
115.09301157632,1.1808503286659182,62.32031977789222,1,1,1,3
116.7006751751577,1.1154298024438138,40.51163636178799,1,0,1,3
101.60614541918027,2.0444331638172097,24.970382325209126,0,1,0,2
53.24292184064359,1.5098124456520992,10.845747093276003,1,1,1,1
33.37652294461285,2.0871501572931423,13.074809724096074,1,0,0,0
89.68637054516707,1.0980345111984136,17.519015797074104,0,1,0,2
66.25463939900172,1.4729355067459156,19.05799968041788,0,1,0,2
35.71567054509877,1.8092369385630058,55.036963470468265,1,1,0,1
71.53698337068194,2.1860847472584455,37.6733672969515,1,0,1,3
27.301298027060966,1.4781287543981048,35.403454682461984,1,1,1,0
111.29475859956308,1.9388370646555138,10.886132312153048,0,1,1,1
48.842878233601624,2.3289666223542804,55.6083816009661,0,1,0,1
87.60213929798226,1.923794782273457,47.36885819250902,1,1,0,3
53.92426330458345,1.3494392121304506,8.060101714000094,0,1,0,1
73.92653003306984,1.036601172334807,46.47010583378612,0,1,1,3
76.48418681695485,2.305148310851395,36.61229304055876,1,1,0,3
41.74602773045059,1.0319041162755807,8.903520744806695,1,0,1,1
117.08012426539761,2.312052509026299,31.498038491719388,0,0,1,2
98.412751042667,1.793405701040818,33.08177722780282,0,1,1,3
114.19189839016215,2.4086015477693445,13.946472409796545,1,0,1,1
109.90342564105428,2.198174853660498,60.74188882001694,0,0,0,3
81.39839796586418,2.496901165800006,54.998522288839716,0,1,1,3
112.49992656221922,1.5260677231775652,44.1413402397465,1,0,0,3
32.49528019698427,2.1507824333966905,31.737733660036433,1,1,1,0
42.814354792237935,1.6028963704138632,28.70593249507051,0,1,0,1
28.341819735411654,1.7198134304558632,43.05840802905725,0,1,0,0
55.23171175327337,1.9412581948275551,36.725912164414325,0,1,1,2
61.31301981019027,2.310515671279508,7.7363863529131365,1,1,1,0
50.04950705029401,2.4761252037989427,34.7501589262199,0,0,1,2
103.55880087858522,2.152410120796777,52.38421703397037,0,1,0,3
58.24831936258457,1.6266501732510006,31.554392655817484,1,0,1,2
50.96971292998855,1.6320355034156053,7.117394653256104,1,1,1,0
76.09882398319185,2.1063734523833375,51.17669196304199,0,1,0,3
37.528725597577214,1.3581657186524536,16.081826928158463,1,1,1,1
101.01091015238781,1.1657111696970919,19.51725009328233,1,0,0,2
31.156861793258,1.5319332364611649,13.882381205937754,0,1,1,0
118.74114591364966,1.4308584874811225,23.812903892289853,1,1,0,2
98.13549785247912,1.4444621806839852,49.4050903413181,1,1,0,3
43.07670542728055,1.350411626574865,35.16315157023624,0,1,1,1
24.53012324386583,1.0631397844545427,16.29287644904275,1,0,0,0
102.28429713166408,1.0268109021001206,56.66980468912245,0,1,1,3
91.85830500937124,2.4815835846040475,56.77491129709175,0,0,1,3
93.98468813193477,1.6416597006037934,56.23470550276041,1,1,0,3
98.0419532818508,1.5764899707395226,18.32777268289236,1,0,1,2
31.108286566472675,2.019470924039605,31.074360650859287,1,0,0,0
58.41270994025017,1.3273808317975964,63.0993793684525,0,1,0,2
35.12342971441245,2.4249417759253378,50.32074857859942,1,1,0,1
106.85792888405697,2.1795175216233282,5.6300452735335895,0,0,0,0
83.83662017544556,1.1341165034683893,7.912275475629523,1,1,0,0
55.76621038585432,1.6263711636773925,31.835882608739965,1,1,0,2
30.10160162745827,2.3186774613432473,58.55321235169361,1,1,0,0
53.85430288470357,2.4170980334371155,36.32210787716285,0,0,0,2
55.217598914567716,1.7011022668748046,33.868750482057415,1,1,1,2
94.04219312045416,1.9201170838160615,10.328421997397836,1,1,1,1
85.20551725010046,1.2505509191381128,43.40680628345764,0,1,0,3
109.17242328732735,2.4867529392054646,53.32618963601353,0,0,1,3
69.33263281554713,1.3475075520751651,26.82520045045374,1,1,1,2
35.48104761007696,2.4140976612026885,50.536711055519646,1,0,1,1
92.47149957340753,1.9744699734885527,61.868599234048695,1,1,1,3
97.03536466722215,1.9116051923182886,16.225987547661347,0,0,1,2
77.88261096667163,1.769032766524763,35.39977787168448,0,1,1,3
98.01284927563785,1.346004717576638,21.228277485074532,0,1,0,2
71.40437725098151,1.2647920480082624,51.57126514203036,0,0,1,3
74.18235162067143,1.330729313605263,38.65560195286945,1,0,1,3
65.04393776242077,1.2796573932163817,42.074945053018226,0,0,1,2
26.440236167433138,2.16937671035013,51.87484957695364,0,1,1,0
34.35757699135723,1.5251878887500951,27.758228359747292,0,1,0,0
27.017201825926488,1.0867640148450946,58.905404104422594,1,1,0,0
85.09539948132291,2.453653945211217,35.9817320347684,1,1,0,3
54.17817418332736,2.3256788274451385,13.47728937012088,0,0,0,1
72.82278635181146,2.3916284247928195,45.75394709012815,0,1,1,3
111.12638149690493,2.492361733969653,51.59568102629527,1,1,0,3
47.93205399829199,1.260842873829231,23.0057006240516,1,1,0,1
63.396760611420454,1.594363028353988,55.43075541992518,1,1,0,2
96.53290930013267,2.137357713556137,58.368595285945986,1,1,0,3
45.964623887195756,2.0440309270806885,20.614269242668534,1,1,1,1
31.390071343564127,1.2308438595097826,63.01128836291333,1,1,0,0
51.81613947972173,2.2237496874859266,12.442691682925505,1,0,1,1
39.477243576384424,1.336660857754991,16.120940104149398,1,1,0,1
113.25097462488702,1.3357264222339347,15.053490354281568,0,1,1,1
101.57955643818403,1.8054616343401204,57.639382600472224,0,1,1,3
84.80676062500065,1.8894099022625548,43.25755313949771,0,1,0,3
107.6602166580209,1.8701293117567168,13.126256993336373,0,0,0,1
101.15251938231499,1.1372302560966323,30.41940510210094,0,0,0,2
41.910725653059444,2.3161912939455704,40.917881504188124,0,0,0,1
109.68566385503786,1.3984000638830592,9.007845099362997,1,0,1,1
75.77685522390247,1.1942723819242063,56.94498210444032,1,0,1,3
101.51425489575,2.3331221198034657,52.21621212649211,0,0,0,3
110.02476479265535,2.43347724734463,34.31240641459829,0,1,0,3
54.52833359729893,2.293191425898176,62.02759691555023,1,0,1,2
34.56498475465697,2.214274112087317,29.065658756505982,1,0,0,0
45.8817756040264,1.9828629709585326,63.04661914218987,1,1,1,1
65.00234770812061,1.8262860559137089,44.07519992821762,0,0,0,2
102.52941752855934,1.1304801398671152,42.08027639523649,1,1,1,3
106.63013599260897,1.6126798196060481,13.957293717747099,0,1,1,1
24.667404530994308,1.559032775518471,56.91566549827864,0,0,1,0
73.0317410474463,1.3896306756404893,29.64938127523691,1,1,1,2
64.07145630228278,2.0851301705328775,13.734004346948762,1,0,1,1
45.3223498051901,1.743813602618156,4.756451198545543,0,0,0,0
35.507075264033546,1.121569323861472,37.585341018302955,1,1,1,1
56.411056454748284,1.3302748029247171,35.64397732736058,1,1,0,2
114.51933157560184,2.0248881454893937,47.16121734214951,0,0,1,3
55.0274814739925,1.1141962892354502,57.415483181068126,1,1,1,2
73.80389968736314,2.276810371073153,8.76439507858177,0,1,0,1
91.48982005393708,1.7427197905209615,47.88978942042174,0,0,0,3
58.90844182841222,1.720879865989972,15.244716645854933,1,0,0,1
117.29107994121222,1.8886116769892765,55.49062318942984,0,1,0,3
116.39494031444268,2.237021448887724,53.14381083169937,0,0,1,3
48.17110039923496,1.5217138118532896,36.44762529913266,1,0,0,1
71.735856565669,2.0170242288385953,46.61456791739869,1,0,1,3
52.88431774240989,1.8485979459936865,22.861006791024902,1,0,0,2
51.34468746023689,1.400542405254132,32.27007393596888,0,0,0,2
27.54114694603515,2.317944979532737,53.2982138626283,0,0,1,0
82.5181760620701,2.196139032410392,31.555911830392834,1,0,1,2
72.2571862299707,1.9876777519876383,25.46789591952651,0,1,0,2
28.941960119998978,2.275872593641363,33.65274683501799,1,0,1,0
50.750060566714694,2.3009413014397033,53.6949551462331,1,1,1,2
111.19352505279875,2.062544465072552,24.112482842252362,0,1,1,2
46.997941504029356,2.255519992545508,14.425695588144627,1,1,1,1
37.90990772075742,2.0462071925039256,46.72084121984685,0,0,1,1
70.98746498664605,2.0202111576404507,53.55869276248491,0,0,1,3
118.62244359461766,1.9279170673227766,10.038248711411999,1,1,1,1
47.237306065104036,2.129074959336462,18.392446765356684,0,0,1,1
88.52501255096433,1.2379076579396107,12.518319385659634,1,1,0,1
97.1154830715569,2.3213061387983926,24.87648469493,0,0,1,2
46.81320422327037,2.307765291617848,31.021058734324757,0,0,0,1
93.90876946673852,1.0438709245518387,48.92958021779839,0,1,1,3
59.30718074104831,2.238725125847144,43.06885509290045,1,1,1,2
84.70135973698363,1.193304801210168,41.25571404870587,0,1,1,3
84.81885223304589,1.5026782813887127,25.142496796579266,1,0,1,2
75.43436967117681,2.1152623844374117,54.48685318508559,0,1,0,3
32.6678179252232,1.2411398440724624,32.27723004388987,0,0,0,0
104.18903957656684,2.2269505361785935,62.74629628090927,1,0,1,3
54.79488623728664,2.248201266936613,42.04852829774421,1,0,0,2
41.905776998386,1.7612016006412543,11.575884493870165,1,1,1,1
27.914413589257336,1.0095788075752503,44.57065372452604,1,1,1,0
80.72572254607121,1.4305571997623692,23.50624092590194,1,1,0,2
89.0461787368591,1.9253903775636134,45.17963180116585,0,0,0,3
25.59243157707419,2.471779267041135,8.178468889744344,0,0,1,0
73.16093359673097,1.9477202905250026,14.492886230557563,1,1,1,1
45.743594419002044,1.3897053715962397,55.34423553434718,0,0,0,1
85.93658787930718,1.951008554649417,17.630773421410893,0,0,1,2
40.739177184479175,1.8099780695737833,54.2224675145764,0,1,0,1
90.33002285783672,2.1697680927267156,20.756565307264626,1,1,1,2
61.12659324485159,1.1604709582404376,42.572914603522456,0,1,1,2
113.92607891872652,2.1415418537530417,45.64903441058986,0,0,0,3
37.20201063801535,1.8118998680141654,34.759285188703174,0,0,0,1
56.74236970082482,2.444488005788492,22.318640601803878,1,0,0,2
34.89345803909655,1.512808249058029,16.758662582265767,0,0,1,0
112.77058735474202,1.9489328397009222,5.991361273745573,0,0,1,0
108.22457792457418,2.398042158265026,22.236784074443428,1,1,1,2
48.76239626065494,1.1537645919860189,43.18976743187698,1,0,1,1
87.3584684192812,2.4058427308546766,60.29828910690896,0,0,0,3
102.45333121931672,2.0318285834512197,56.272268935783124,0,0,1,3
77.29927791354838,1.101755588657758,49.96388659211816,1,1,1,3
74.84645552217663,1.4514453504202245,51.30684059519792,1,1,1,3
47.21781992644336,2.0622581329679224,43.89909420855972,1,1,0,1
32.93786570936632,1.1010259022031574,19.61721145396018,1,0,1,0
110.13271276351936,1.87325569026441,58.43170184234979,1,1,1,3
110.44013348767973,1.518824585429435,44.243938714350044,1,1,0,3
84.77773989823372,1.9313732766512157,37.6264378588264,1,1,1,3
56.54685994067526,1.0686130507187692,10.659368152808865,0,0,1,1
57.524119162815445,2.3073052092285646,30.823332628385526,1,1,0,2
93.69174517154298,2.4602334537660955,31.62149627211558,1,0,1,2
110.1225849554474,2.453316782928537,55.8738165713602,0,0,1,3
109.16029672945126,2.124477747614387,36.798893211267306,1,1,1,3
98.8680524023319,1.1951293601959478,26.82403293822458,1,0,0,2
85.63503803081163,2.1373947938935336,62.60801971063956,0,1,1,3
32.07743663952469,1.0368803746882023,10.64323559957894,1,0,1,0
39.51635655308292,1.0331853272934959,29.352905698716675,0,1,0,1
110.26120209859961,1.485415328724312,6.521480510284317,0,1,0,0
82.21718972732063,1.7329647856069985,48.39424724601582,0,1,1,3
24.882916955196446,2.1556111267116895,59.084593131949035,0,0,1,0
33.74126811513908,2.024943064909758,20.802239773029367,1,1,1,0
87.69616983437336,1.6688540595651224,55.50050060794725,0,0,1,3
24.485912049236994,1.4104399994224988,21.533093827713866,0,1,0,0
39.437572936079874,2.4956867502365667,58.64620969863491,1,0,1,1
76.67844377919226,1.6392719533539595,49.23771421580704,0,0,0,3
90.42193897849856,1.6770805364945132,52.29440661048632,0,1,0,3
86.58828091224964,1.2454357317875038,5.08039333602727,0,1,1,0
45.529853708213736,2.192214323124894,61.768621424441555,0,1,1,1
92.36920524936345,2.040523338672233,47.600259524219396,1,1,0,3
46.77591239969281,1.3311544191831406,22.285065723168,0,1,0,1
55.2383710232897,1.1235715684237642,53.76367989153081,1,0,1,2
95.66317489133031,2.0207489531120695,20.891271904895795,1,1,0,2
86.3647583085326,1.9817668214217028,56.36523037396768,0,1,1,3
105.52544740744108,1.409889290497314,10.754823424716221,0,0,1,1
87.13083766083297,2.4262953433756156,46.22115864764775,0,1,0,3
78.55762592020528,1.2265868376713502,36.44190859869462,0,1,0,3
32.99277771149688,1.6485022015639028,9.792068211726448,1,0,1,0
59.300717093705615,2.4154238802513985,18.51362969553034,1,1,0,2
49.45942729744564,1.6295909753891835,4.744242176638887,1,1,1,0
47.42300576439202,1.9577889214961284,32.12607792787035,0,1,1,1
117.40901325623477,1.5963915969441915,22.075915645600023,1,0,1,2
61.737381568009,1.411322803523005,39.90144905786553,0,1,0,2
109.63646929700288,2.475966471939742,21.83426846251703,0,0,1,2
84.58930809573724,1.6140010094725645,21.99514669041908,0,1,1,2
100.30188513999825,2.3411488055187015,48.5915919238962,0,0,1,3
72.25316093809845,1.3449319088366294,6.8885701587012065,0,1,1,0
79.38277292413048,1.319657056037625,58.173699711519234,1,0,1,3
71.28169860661093,1.046701124326767,55.13583246347089,1,0,1,3
42.74332682861227,1.9775002380638276,44.06828099358439,0,0,1,1
93.35540306510451,1.5527895155856417,39.593294206443055,1,0,1,3
50.954146794322156,2.2965373747594553,57.53814988837913,0,0,1,2
26.33433277741957,1.7098148600373357,15.119810771722866,0,0,1,0
85.9653404070881,2.4522901418720826,8.738149731449717,0,1,1,1
41.0026252230767,1.2782882735546817,18.370610194572286,1,1,0,1
114.28402409787978,2.3029347519334165,51.67469672201142,0,0,1,3
115.57714339224839,2.1648952791876126,6.080216003588999,0,0,1,0
111.82698146116306,2.156382766966078,38.968410105009376,1,0,1,3
59.535235224522665,2.2671748421753315,63.7262509714786,1,0,0,2
25.483835186771273,2.1415359864144983,55.34176563025237,1,1,1,0
113.11858200842164,1.9393304824471231,35.28674134261537,0,0,0,3
65.10567823846218,1.1968673165235812,7.818454557198541,0,1,1,0
116.79886262819228,1.0487892692368779,53.88241086314259,1,1,1,3
116.50751780056828,2.3812717717235303,39.93871049063263,0,0,0,3
105.88890772486657,1.924975471781107,10.89597982357401,1,0,1,1
52.26709363868022,2.1948059364642645,9.631437089401372,1,1,0,1
60.969381945784825,1.722283527268825,58.57760916619554,0,1,0,2
105.70912046561827,1.1759622834435917,44.152015776284706,0,0,1,3
54.42451249500266,1.1877786883038257,53.757207959005335,1,0,1,2
40.27130368186488,2.028347930843457,56.73873401693604,1,0,1,1
77.45292119600161,1.645458842349194,38.30634112289933,1,1,1,3
113.87085831943497,1.300787090050505,35.04678110530247,1,1,0,3
90.81886048079741,1.7373918201121552,29.82564461925941,0,0,0,2
78.72587232857904,1.096313405612701,23.016795267467156,1,1,1,2
33.32894340199378,1.8729571028715981,30.075757651522707,1,1,0,0
83.04069376312029,1.4034901066526464,50.432779343809386,1,0,0,3
119.04516961000928,2.1963386509557825,40.11540586090789,0,0,1,3
37.44806546270631,1.4655429383853606,57.55139739729076,0,1,0,1
73.75964662691872,1.6828302236227017,30.602800862751263,1,1,0,2
108.22781490508372,1.017430809862151,40.425374723125245,0,0,1,3
95.11378730440363,1.1086703316918383,41.87845318551932,0,0,0,3
90.91351113554572,1.5887403346100273,39.501829738379534,0,0,1,3
91.43847206276249,1.7199082520756852,46.15802638513098,1,0,0,3
58.511150517096496,1.9000308221789557,18.246008102488375,1,0,1,2
52.18481704939136,1.4374938680639548,34.741826652747434,0,1,0,2
101.69867092593731,2.0424728291898138,10.25348816850086,1,1,0,1
101.77088588920135,2.290183595783807,27.070679658688753,1,1,1,2
107.23894258368995,2.1697764833400246,33.26002411727586,0,1,1,3
111.67109304542124,1.0594282380225357,43.13345557272835,0,0,1,3
73.08887029065002,1.7207604208867435,61.03186315517221,1,0,1,3
72.14556428997116,1.1573952676272623,40.039063992901355,0,0,0,3
100.63633718081041,1.3630675237937913,48.61563497059359,1,1,0,3
86.39653735466545,2.4799938899007197,34.37596356971217,1,1,0,3
91.38882021673952,1.2137433143522698,42.04624188257988,0,1,1,3
100.39609626586571,1.748332230177034,8.255932968026405,1,0,0,1
109.44051281448637,1.9272336014771787,19.263494850510817,1,1,0,2
56.44753505774744,2.053697455816156,25.711185592308322,0,0,1,2
60.05596345343463,1.839473025230371,32.349601300390816,0,0,1,2
33.022266224723424,1.0146562711287754,6.738924730143024,0,0,0,0
79.5148935356327,1.4896919623659879,12.40144585319906,1,0,1,1
27.45045828448724,1.776567465077067,20.608858467478345,0,0,0,0
68.69740974071618,1.13179974871725,62.29196145406304,0,0,0,2
76.09388493192736,1.525940396813771,23.880820426183046,0,1,1,2
51.5079602043153,1.04980466318705,32.92246348672495,0,0,0,2
80.71999301462503,1.1178677457325312,15.765862764303577,1,0,1,1
26.928023994148745,1.5953849143023942,40.6468042645461,1,1,1,0
27.585426119924584,1.1990736310645906,20.840992930958457,0,0,0,0
102.96965382332719,1.8513112723923373,16.419554706305608,1,1,0,2
58.578301575481234,2.0341974537058984,34.99435770675875,0,1,0,2
36.19780921458094,2.2008800486636244,4.330347949625249,0,1,1,0
74.13535296526122,1.3002253663672152,4.45984195895352,1,0,0,0
97.91938109746664,1.2512238733886045,17.144128546111467,1,0,1,2
44.71881863969695,1.1568517605016004,6.2032817500492685,0,1,1,0
83.79748567862403,1.954645374315455,10.481545247841483,0,0,0,1
32.19335663940173,2.059713589730352,24.331638960325094,1,0,1,0
28.96144523218634,1.047379217238463,52.15514077478877,0,1,0,0
75.01004463054221,2.4043183693655346,38.32291860215805,1,1,0,3
75.90097167457023,1.0779569254772086,34.76006355738498,0,0,0,3
85.19327054382782,1.8119445029516057,21.609329392487297,0,1,0,2
93.70476803737552,2.0635907791763746,59.905223165968984,1,1,0,3
117.68179962840333,2.3064536856191284,27.8209024742315,1,1,0,2
73.56483343691475,2.0711303981986418,9.22556600774629,1,0,0,1
55.00382140235961,2.2025921246046876,41.02399096706807,1,0,1,2
100.33787469779556,1.5091752888142091,10.830303608596084,1,0,0,1
49.999896121159125,2.2222376706197684,24.713388568101525,1,1,1,1
66.14125638774107,1.1201722695770127,34.44471632306853,1,0,1,2
31.531812608857532,2.3422249840907914,56.453351481110545,0,1,1,0
26.43367136788392,1.8213885642306042,33.61279482040712,0,0,0,0
116.4142478090808,2.2259466549437406,46.13552596189986,0,0,1,3
104.25409156917176,1.6784774267774503,63.56901033994422,1,1,1,3
90.813523784995,1.9653665427947875,11.889347193878898,1,0,0,1
63.25948266376991,1.78960399140417,20.48389153117117,1,1,0,2
40.6362547268012,2.097384282632998,27.674564535858785,0,0,1,1
39.01795609642426,1.1224449730458843,29.309690712329882,1,0,0,1
48.023318223801155,1.0905281259858457,28.661264515932746,1,1,0,1
76.72575981178757,1.3706548510152197,58.456660153393294,0,1,0,3
92.60120857920599,1.2393170201697825,46.84195866801139,1,1,0,3
87.3789481649022,2.3076753498883025,40.47431284544223,0,0,1,3
50.87365410681051,1.3288209810370666,22.562363071766924,0,0,0,2
115.66706694366664,2.463797883728697,53.42742305327768,1,0,0,3
94.83810400279378,1.5053436876566604,61.303630689099336,1,1,0,3
77.21798904109447,1.2731768735330489,53.271896953013595,1,1,1,3
82.72519163849782,2.184547760713719,4.093906311488374,0,1,1,0
64.28160599306783,1.9880616632513142,42.18408221100442,0,0,0,2
47.782174992111116,1.7472935746797085,7.0681228865260435,0,0,0,0
58.17337715052111,1.8330453264064468,19.45643322002331,1,1,1,2
96.75322660457944,2.0788026674083957,7.571482020866301,1,0,0,0
25.381774908456563,1.342682111996948,40.22772717696326,1,1,0,0
35.142973488663955,2.494500874085113,45.195394809556404,1,0,1,1
28.416253634088264,2.4621897432201747,10.869258283954307,0,0,0,0
27.909965022621133,1.9754885295204052,27.03033298269877,0,1,0,0
106.12421606505669,1.2993136763937176,31.37419053733252,0,0,1,2
91.55115450048227,2.020342363646937,26.143181305654995,0,0,1,2
69.52068759238321,1.1082976134687637,11.261500029111582,1,1,0,1
33.39207942249614,1.045978753308709,29.136867411248524,1,1,1,0
71.19512401121591,1.3865243327668204,49.07068286850509,1,0,0,3
69.45328999493431,1.6939344351089745,8.260459871995328,0,1,0,1
40.627379511361454,2.3024087581125707,8.810800844914207,0,0,0,1
65.64975832684542,2.090753604649462,25.286277510159053,1,1,1,2
62.25645450214785,2.1140597817999716,60.5035426971355,1,0,1,2
83.12160941301278,1.638240001672113,44.11435880337484,0,0,0,3
84.96899048329381,1.5189024888204443,44.72019740035389,1,1,0,3
28.349184938116274,1.556558144476904,25.715199450271896,0,0,1,0
59.96281100414124,2.4814743456040866,39.619647472512305,0,0,1,2
84.0825519085667,1.0601637871187237,4.607871041664603,0,1,1,0
72.30108082368842,2.3005472441836727,42.165762784572536,1,1,0,3
106.22302475407893,1.8680131128585902,58.7972168545742,1,0,1,3
87.23458863541872,1.6579231287843856,40.75440810068915,0,1,1,3
39.64170499981725,2.087886490622705,56.4219156079807,1,1,0,1
30.774599750441265,1.7300034121370542,47.43838332796563,0,0,0,0
85.6722507078063,2.310134857122491,11.233504984221415,0,0,0,1
26.545085811995694,2.3510527960168877,58.1471984371505,0,1,1,0
80.23445580225248,1.6325813903101831,7.986630661346493,0,1,0,0
114.26210317679593,1.4152416958525773,36.03804835286583,1,1,0,3
79.24552107608437,1.8885254928900435,12.52822742760746,0,0,0,1
61.2643129158261,2.3685450184250367,4.702396643854244,0,0,0,0
85.7556689704659,1.3159932835085,29.322055607658342,1,0,1,2
67.99227748718559,1.9344498753452242,21.702442459249376,0,0,0,2
76.37921177432975,1.9473403301387808,33.16002962785618,0,0,1,3
114.38062164254642,2.0996695336229214,38.63199320407305,1,0,1,3
61.06585322887433,1.1973515276908897,6.624344338536842,1,0,1,0
116.27429412709577,2.0737374470231327,11.380197707424738,1,1,0,1
110.91366162778212,2.363548780998461,37.51854378702552,0,1,1,3
42.79594893977246,1.269524663305363,24.590041190359493,1,0,0,1
30.658684884015884,1.3563149873858165,47.75040925296688,1,0,0,0
33.67468813223296,2.4570926410624594,43.13749891551638,0,0,0,0
25.749295262548774,1.2714654290642347,54.73626177939441,0,1,1,0
33.06652423256912,2.2815776400543686,45.54956960015352,0,0,0,0
89.56865024797025,1.7384167846720522,29.795864643408887,0,1,0,2
30.834110252181983,1.3708466116047655,44.377997343665946,0,1,0,0
54.62166050820109,2.306124851908767,20.522870455325112,1,1,1,2
105.10802985306763,1.6679578825039982,22.37880992669276,1,1,1,2
26.234105830639283,1.7722260308945352,51.3391095952476,1,1,1,0
102.18897432853784,1.5388500540996486,30.78517098409493,0,0,0,2
51.05805837824639,1.889426277152391,51.90282043110115,0,0,1,2
35.343823451679,1.2452858088775343,53.345342420096706,0,1,0,1
90.88676787495847,1.5866223049776411,55.453740259677026,1,0,0,3
84.37851329086887,2.4541184835029313,58.99811415047244,1,1,1,3
108.23731329859709,1.3872001490516914,29.859113230797774,0,1,0,2
94.56682020517303,1.9851049968119383,23.13200909926833,1,0,1,2
101.13416931694546,1.4877850963370423,38.93192479564683,0,0,0,3
51.07531896684542,2.1602096885299007,26.270345406257654,1,0,1,2
41.034196202853394,1.1963104910775249,40.06445000801398,1,0,0,1
96.0590161575224,2.454731567617817,46.33515175862948,1,0,0,3
101.45613496965734,1.6806843120754589,45.30430110952821,0,1,0,3
119.08849363206464,1.354075695019696,26.473173221207283,1,0,0,2
63.61129698349694,1.110245120995019,14.01161210192517,1,0,0,1
59.71373623610718,1.2546368576313112,29.831760307732452,0,0,1,2
98.5356442312317,1.7796609228340265,12.555648644914523,1,1,0,1
56.71713986428971,1.5055047646469295,57.4058221110285,0,0,1,2
113.35270325794221,2.2433250488239143,24.752647644271445,0,1,1,2
106.40762417692913,1.646331285492709,13.267584833399427,0,0,1,1
65.18342662800177,1.3730714088814449,5.526865594345052,0,0,0,0
96.08362250798375,1.925717479906045,42.749343177189054,0,1,0,3
96.43611591212951,2.060165825328169,42.2141390472846,1,0,0,3
33.89989140824953,1.2505628618514248,24.4362499948775,0,0,1,0
110.6450790412384,1.2514288244324765,8.30271333085906,0,1,0,1
72.50422775499429,1.0550071404003145,28.57773369371392,0,0,0,2
103.33991674634319,2.104603022598461,22.673049703803613,0,1,1,2
54.72476169893873,1.9957067914327076,44.627238384100565,1,1,1,2
109.97022993563525,1.7119463136247208,40.346754967161424,0,1,1,3
61.36336115847966,2.266255673453796,25.8756236918524,1,1,1,2
25.040414542108643,2.2085052294250795,17.073553255299405,0,1,1,0
110.9166697362493,1.8780315465951283,63.282157969335515,1,0,1,3
32.76352097146882,2.302406920769888,31.240097271766892,0,0,0,0
54.65410920867983,1.3087618150551523,45.29645414681422,0,0,1,2
115.20594883687727,1.1678794290965917,12.433178054701646,1,1,0,1
115.25828610600539,1.4046244172754845,33.13538197956387,0,1,0,3
79.05003725983546,1.0856302841339722,5.65220319216793,1,1,0,0
84.65637236830074,1.796754292001548,34.327307074627,0,1,1,3
67.0507701099187,2.4049085384424425,61.841044427062144,1,0,0,2
52.148234083014195,1.0590153110027645,27.052402779148014,0,0,1,2
55.55179635551193,1.1831648710150402,6.339760754494695,0,1,1,0
88.56177178339568,1.6782985424251529,5.857347455160612,1,1,0,0
96.22795482601728,2.4008125262918574,27.27920559681217,0,0,1,2
99.99158819768147,1.4742341574651259,13.601496187791643,0,1,0,1
99.80334170827717,1.7608522130325888,5.401125779691155,0,1,0,0
32.755785892674275,1.0623592885755881,49.37281683701061,0,1,1,0
71.46434925144783,1.2225148014431333,31.511380532913442,0,0,0,2
29.52564096159785,2.4799451844382703,21.35468631835927,0,0,0,0
76.75477270307861,2.4476780446540682,58.00499098098884,1,1,0,3
66.3869281318442,1.0074099714016145,10.968337612031537,1,0,1,1
109.21960154479677,2.4277176781348584,61.35512973731915,1,1,0,3
57.68784120499956,1.9586799067232505,22.83800304264117,0,1,1,2
35.23843357705016,2.301877441780033,57.30422033852087,1,0,1,1
37.72720147707224,1.6821097834507888,40.17657258876769,0,1,0,1
97.10502064487733,1.7733940428688753,53.60244158448925,0,1,0,3
83.34893407836105,1.7332698703853802,63.040789792627855,0,0,1,3
33.70777690778786,2.0002963863191567,21.304326269124743,0,1,1,0
32.074253387039754,1.2094768821344695,61.668129124455575,1,1,0,0
91.29303662007553,1.044960384809017,27.36891369414522,0,1,0,2
30.98524861096258,1.4618949123867864,27.13071428421534,1,0,1,0
102.8985656918742,2.05702114410497,24.423226255270343,0,1,1,2
91.79925380702363,1.3027801781844226,36.48445644085511,1,0,1,3
31.809482941622377,2.010148649987376,13.248702590709225,1,1,1,0
32.144420552178424,2.4548680691609057,37.22268912148067,1,1,1,0
118.71739953611285,1.1408510736841275,36.50228874460024,1,1,0,3
59.929996392587555,2.0089031773376895,49.7141087562922,1,1,1,2
59.58164611842153,1.6656253289568568,54.018997716255136,1,0,1,2
102.02875845672025,2.3022133815662578,30.42648101874544,0,0,0,2
114.93586342885044,1.265724684171079,22.139994961089624,1,1,0,2
118.6561021269956,2.0389389283392467,19.56009383902567,0,1,1,2
96.3243057848584,2.257172934472165,15.677430202292316,1,1,1,1
60.12092021096791,2.4169213292110348,7.458854931941493,0,1,0,0
32.0160688030722,2.0248720424344686,24.5468787300828,1,1,1,0
98.60610392903394,1.745762146012641,20.214861527846995,1,1,1,2
77.60680797463729,1.9267708603018208,61.98504315198444,0,1,0,3
64.72531288770972,2.3033574767180776,37.462529575002634,1,1,1,2
111.01002096909465,1.8559146199582446,24.836622341830452,1,0,0,2
34.67495830139053,1.0455805895452552,38.82805605962176,1,0,0,0
71.29201001192249,2.3964230432604667,12.35180208074173,0,0,0,1
25.08994989767223,2.034290126547342,30.642624952132174,1,1,0,0
68.99142163143613,2.0147700786658698,41.57405928526383,0,1,1,2
29.405114465456386,1.3235127285965758,33.33386990754708,1,1,0,0
35.4065199617349,1.988328205348986,28.106728039259455,1,0,1,1
35.28251969060207,1.5907966084812377,63.63090333398189,0,1,1,1
86.3241890031421,1.9768494655622382,56.81888572893562,1,0,1,3
95.62030840948063,1.159889545461986,41.40435748956641,1,1,1,3
80.00340144932733,1.986767956904554,38.162641670936964,0,0,1,3
116.36856465355602,2.499120588656,41.23962878947504,1,0,0,3
59.987575634275586,1.072318058290834,16.078726469345995,0,0,0,2
51.42836028305863,2.465761276331976,27.708264595859116,0,1,0,2
107.38551630618818,1.610361941084306,6.367571973453959,0,0,0,0
45.46520049786746,2.3061301755058885,32.5327622492096,1,1,1,1
116.46936378629869,2.17357822608741,36.58147503745979,0,1,0,3
25.16682957022237,1.8505243914800018,17.664984166192575,0,1,1,0
117.10836736393335,2.10767381387699,61.841730829930825,1,1,1,3
28.143351547255307,2.317773341952022,58.56727665623452,0,1,0,0
109.54973891501483,1.6062104824765495,47.32859412735435,1,0,0,3
74.65930647228478,1.4905497423448582,36.00319772592175,1,1,0,3
119.32462042745283,2.001390078345377,56.1981495788611,1,1,0,3
31.08447021459829,2.2117689129118876,11.839140629407774,1,1,1,0
77.1700113025268,2.1434277021649235,51.4305876564931,0,1,1,3
117.0530434194335,2.196720473287952,11.489248838010898,0,1,0,1
74.21739304033429,1.6533749722193996,51.652639752964326,0,0,1,3
84.4222692609852,2.2267513242625325,20.546054095081416,0,0,1,2
90.79187414252326,1.1803135830559126,56.625434861091335,0,1,1,3
67.63594221770623,1.8167336469412743,60.64252562952387,1,0,0,2
84.24557568807009,1.0086379907471823,12.927758164306939,0,0,1,1
80.09417394461762,1.4868787448504055,31.76053630392361,0,1,0,2
110.51116900713494,1.5496923023070968,62.8592426897611,0,0,0,3
28.362852512779956,1.5942590374138832,33.004446158388795,1,1,1,0
50.972466200854115,2.043200810034793,55.812851350872705,1,0,1,2
115.23950247134964,1.5828371519055187,39.32389132787919,0,0,0,3
109.46532325352797,1.6730404339337959,26.519794475176113,1,0,1,2
67.74304826742843,1.3563161963114911,21.147013331552213,0,1,1,2
83.53272938894753,1.5598776874440101,16.193385465165235,0,0,0,2
50.62859356618874,1.3409044408947273,49.707891482661836,1,0,0,2
42.059631333481086,1.1097938856526655,27.19243040938167,1,1,0,1
68.5150468742383,1.9051728900720668,34.67652773204507,0,1,0,2
57.92181389050107,2.0023191978325245,33.53952880007091,0,0,1,2
80.03098673768372,1.9292355190144217,38.63674175398788,1,1,1,3
31.462525148638544,1.6952410657008585,55.93462873747313,0,0,0,0
117.54190153595198,1.5696786702688448,62.84436061500576,1,0,0,3
118.67623147004187,2.295000474357738,28.455052514429017,0,1,0,2
91.02352454589553,1.778622677704327,53.65113532637818,1,1,1,3
75.46525116903555,1.7187728164445963,49.87166767928306,0,1,0,3
53.71465116348746,1.0384630987096535,38.411737087334394,0,0,1,2
102.12432189186707,1.5118717414392346,61.36282861671599,1,1,0,3
89.7341925651724,1.5702934281787857,16.028470931704167,0,0,0,2
39.611226177109565,1.5982341713453507,10.555852618577285,0,1,0,1
111.44900971140888,1.8702585538409984,55.23771801732533,1,0,1,3
102.96357532062422,1.8004038200903176,30.348988998024897,0,1,1,2
115.18079167602471,1.911857639190167,54.818131252423626,0,0,1,3
93.66907280528255,2.1473248923131925,57.585412311724895,0,1,0,3
82.88785880983582,2.21947860807414,7.747455617144286,1,0,1,0
64.15133148389941,2.0771846143397417,57.007885779163644,1,1,1,2
113.54193440198527,2.433285543932402,30.89914332216533,1,1,0,2
107.1421333920392,1.0273488740145424,34.62594934025393,0,0,0,3
28.340992330194183,1.2936669785253192,41.59555066559261,0,1,1,0
26.531229551736192,1.0113443124672132,59.582956403805206,0,0,1,0
60.140483220292765,1.9712120712319046,5.146965665785842,0,0,1,0
101.81311975505596,2.3470458234249802,32.610608099069026,1,1,1,3
118.77850841423466,1.365223444864449,45.26332254583364,0,0,0,3
38.440021545938706,2.39055181719446,47.362417461893706,0,1,0,1
81.03654867380497,1.0904010854343413,45.55194589222648,0,1,0,3
60.56552223657806,2.4016540402082716,12.066107764487311,1,0,1,1
117.11178219020191,1.5274340308594516,21.963735302300876,0,1,1,2
104.84341662102804,1.1521312426738248,25.52293152502081,0,0,0,2
104.47955565226923,1.7288076387794884,52.2662324607703,0,0,0,3
68.99454334031715,1.385164851580762,20.72559234487318,0,1,1,2
63.822672224415854,1.4273093529428842,16.64229783203219,0,1,1,2
50.2470789053478,1.46093494738943,61.44688114228577,1,0,0,2
29.412047678489003,2.2045388467489953,4.531797106808134,0,0,0,0
107.0133481204851,1.8087419150128818,63.869251340918694,0,1,0,3
102.03849687648744,1.4669615487340055,44.609277931443735,0,1,1,3
119.97289663546854,1.9155006749663777,53.70815796694703,0,1,1,3
119.67713635909492,2.0742260113347903,21.67716378077159,0,1,1,2
77.32144373785223,1.4089360011003007,4.858916660023599,0,0,1,0
97.82279185732901,1.6203236522880273,48.272171113691805,0,1,1,3
114.69751006871309,1.1828291400054214,54.04867582004054,0,0,1,3
105.5661495050315,1.2717240243020205,48.42856791721115,0,0,0,3
47.74541776734698,2.021676780947474,12.571017238050317,0,1,0,1
67.25223698976897,1.2721575215434404,49.20567533541814,1,0,1,2
36.39930385454352,1.7877450755005904,50.13536692645846,1,1,0,1
115.58889861683735,2.063569392583649,43.512430940203295,1,0,1,3
82.19276490728448,1.1603153846421157,49.966955967735174,1,1,0,3
45.94970932833242,1.8509683294433552,54.75528638066393,0,0,1,1
88.48326570296224,1.3848441755520455,40.8162468542475,1,0,0,3
83.340311083958,2.4443903128563695,9.316282838180744,1,1,0,1
58.38362093115269,1.7253184700798871,33.25766858003265,0,1,1,2
34.901528851164386,2.208988824662737,8.658960080296303,1,0,1,0
88.47102677690876,1.8253398132343928,28.452581861945852,1,0,0,2
73.94953928676415,1.0651187992822289,28.426389347537658,0,1,0,2
98.14256560662137,1.9497270633910335,7.960590648414495,0,0,1,0
73.93569610675137,2.4271050133099856,24.92923203816876,0,1,0,2
105.80942403057985,1.9024177302194967,10.65988592747889,1,0,1,1
76.98305652235061,2.2287832891401855,52.49411260055333,1,1,1,3
77.85004526739708,2.3263096950226116,60.861281557868246,0,0,0,3
108.15874585520112,1.3421196579233987,8.338988515476316,0,1,1,1
62.734355156390116,1.31806725986234,61.306912437502085,1,1,0,2
36.86546193126151,1.9164714832764875,35.354595960204705,0,0,0,1
26.76313692608054,1.6165427047100571,21.973940677232434,1,1,1,0
96.49317654466742,2.2597919543000806,8.611724516569812,0,0,0,1
83.5497169299326,2.350034685097017,34.03745608422507,0,1,1,3
91.59165773752547,1.5301320689540772,51.67093266944492,1,1,1,3
44.444559504855434,1.3553058384617231,46.42518863600189,0,1,1,1
37.0916616563299,2.170788272865793,7.013560687838426,0,0,0,0
25.396287904116665,1.4122090533222043,8.37411012207421,0,1,1,0
57.65640564543331,2.233921477770518,28.172396957958227,1,0,0,2
80.63209793804478,1.6356073804731444,21.717429642876596,0,1,1,2
61.655428329574306,2.0013248489372057,17.943059383362872,0,0,1,2
65.99759251427798,1.1433029707520022,20.860269934522815,0,0,1,2
110.79923467139984,1.9357889870148595,52.20896459781308,0,0,0,3
57.43252483423683,1.6776515181058436,59.75368321791123,0,1,0,2
73.34299095934183,1.8799126947632112,28.306161671653985,0,0,1,2
99.23068922314974,1.2520213116172951,58.36666012794982,1,1,1,3
62.068107102841935,2.105310617416273,23.28974207487292,1,0,0,2
83.72032322187586,2.294195616314843,32.586219180627495,0,0,0,3
106.78691603968754,1.3251097001361636,17.561739868959982,1,0,0,2
115.15397987113364,1.1435718332802427,42.428562530550636,1,0,1,3
38.11905416918764,1.0354578790695046,62.73886691048853,0,1,0,1
112.95241201550346,1.962957250664899,40.20958576260272,1,0,1,3
71.24316413563567,1.910641054133171,25.46884504681293,1,0,0,2
48.791461276700005,1.820046119071105,42.869046759431704,1,1,1,1
68.07703259887309,1.347920644173963,11.375240707923254,1,0,1,1
118.0831272274058,1.586358993858272,57.31954481592392,1,0,1,3
71.29133702331548,1.8917145027792595,34.185037046790185,1,0,0,3
55.56015458760079,1.745150288288754,30.960984522378524,1,0,0,2
84.80648201440567,2.481678280322331,39.151887307211155,1,1,0,3
47.05397940270653,1.2046596288350997,41.487031767364144,0,1,1,1
31.282879498431736,2.042716831071391,8.306548373590783,0,0,1,0
36.372453303422326,1.6064781521564382,44.95703327340414,1,1,0,1
36.29240053994616,1.6422994223884222,18.515900818931776,1,1,1,1
38.582658577180254,2.0763966484872642,46.83715795039539,0,0,1,1
37.32740857434337,2.038654226986554,53.352087663051805,1,1,1,1
85.5239755011086,2.4868839905532827,52.237510453151216,1,0,0,3
41.4604881023179,1.1925914341811878,37.15005804447335,0,1,1,1
57.18405919909087,1.1561644740762496,35.21019353864507,0,1,0,2
110.09168735097714,2.0865082256931116,12.572557680364703,0,1,0,1
69.50031746523575,1.8675803755096136,50.520769024188134,1,0,0,2
88.08554289801862,1.4112409998397089,20.284562826802862,1,1,0,2
40.542707635356464,1.11912905348348,33.80172536907679,0,0,0,1
42.459745805632394,1.1284873743946457,21.056445575651004,0,0,1,1
27.92338716158197,2.3412863119961775,12.029701779981588,1,1,0,0
40.21776605492779,1.2878009870781144,41.77346181350419,0,0,0,1
50.74467254706803,1.4850573431732812,7.25992208937423,1,1,0,0
40.993006490567694,1.339984603340482,48.918714047571996,1,0,1,1
32.51544324067734,1.532494458747906,23.055207715667,0,0,1,0
35.58104362565768,1.10413576411914,4.008081580269119,0,1,1,0
68.23476173114167,1.7785896863624056,34.66774835423379,1,1,1,2
43.80803696695608,1.1014188453883222,6.8111145116561875,0,1,0,0
58.969906660615244,2.2005347617335422,20.57017346925397,0,1,0,2
72.32805800206626,1.3505681228656496,46.41858924734297,0,0,1,3
90.27790354841906,1.8100178719067659,7.761377297311952,0,0,1,0
27.773965424745498,2.3201186313421873,54.36030954136014,1,0,1,0
100.7433982952681,1.9763160535707913,4.2291953595149865,1,1,1,0
84.27843739112714,1.799436679827003,18.809432152114134,1,0,0,2
31.848867067091703,1.4865006296730634,48.454243369124285,1,1,1,0
107.86354791425062,1.499502869587297,22.976208983758408,0,0,1,2
112.40375045105407,2.0042304327972853,10.113543283960812,0,1,1,1
29.86348414606692,2.4912090418317514,25.614035128025673,1,0,1,0
50.58025422213156,1.992758784774068,20.223597183071533,1,0,1,2
101.39532286013389,1.8366751260550374,54.56271412963329,0,1,1,3
95.8329302768312,2.095975765358869,22.800875055108587,1,0,1,2
41.71401785821222,1.6978084184255773,51.33594830656043,1,1,0,1
44.09753504032419,1.090213513901178,57.51232868864408,0,0,0,1
59.56532186797267,1.8434452238168646,30.029045174591772,1,0,0,2
70.51420657833805,2.43643792675807,58.59658863126352,0,1,0,3
83.35245806690841,1.2629544135364894,26.63908323779157,0,1,0,2
59.415709398698155,2.035007336230999,61.84470498940649,1,0,0,2
68.40333274878219,1.3014005329885847,9.357371471534375,0,0,1,1
95.75721006084063,1.803741526709622,45.22115599019457,1,0,1,3
27.5215874774974,1.1450146744700795,33.62884242741572,0,0,0,0
48.233946657025996,1.6755564043872777,27.258928327338822,1,0,1,1
92.48156024491703,2.134244993342869,41.96271272491605,1,0,0,3
109.93985641797113,1.521357286358473,46.23142549805987,1,1,1,3
73.12103444310395,1.9973675867308271,4.261796179018545,0,1,1,0
75.0828945854703,2.1931749411845938,14.017185324831923,0,1,1,1
34.2885130886185,2.390766729219179,46.78276303805912,1,0,1,0
66.95158721505165,1.3519631227831803,43.98312481469239,0,0,1,2
75.13125757968223,1.5989738737139623,61.96285030772063,1,0,1,3
47.27716834893405,1.2286240199956262,49.66226741504698,1,1,0,1
49.847350171140576,2.488725253237563,61.046362463880286,0,1,0,1
60.219279658043774,2.390501451886443,46.152430092088416,1,0,1,2
25.92683498666173,1.8099356954208394,21.88313251836659,0,0,0,0
54.919599895985115,2.263049941564632,10.321895335051389,1,1,1,1
44.29900867166829,1.7814369659080633,50.90943180069613,0,1,0,1
55.43974580907981,1.9353785320041395,42.64895328855496,1,1,1,2
35.49716465464812,1.1336866481740249,6.891160743597774,1,0,0,0
109.49061895102992,2.1329056307452117,25.6030279540587,0,0,1,2
80.98487554118867,1.1915702254528522,61.40798892905717,1,0,0,3
89.193822637871,2.2391014453787923,34.02406874261207,1,1,1,3
99.76043890630447,2.1730421315055786,29.963748161182277,0,1,0,2
71.8504510971895,2.0631170466144644,31.461976309557638,1,0,1,2
32.34434765639267,1.0542405707871432,16.53296344030982,0,0,1,0
75.56222801458058,1.454692533917993,26.122430251887714,1,1,1,2
80.3367473300044,1.3946688548662642,26.188795359230596,0,0,0,2
95.56218952169567,1.5402046112072787,7.141301211248344,1,1,0,0
65.43931643804922,1.1314641201457578,50.054057711075096,1,1,0,2
36.24770906837412,2.405436734546594,28.99026591423274,1,0,1,1
51.24248695667755,1.8307033610685643,53.3307932089854,0,1,0,2
58.85590045426897,1.4582864659870354,55.02088006719372,0,0,1,2
86.00805516783372,1.5954722756114252,16.719643281919485,0,1,0,2
78.79471724821553,1.6708038107572536,43.441208930207715,0,1,0,3
58.18528568619324,1.9008915000409259,32.3369082497789,1,0,0,2
118.70546388412605,1.7735191415447467,56.809404275289104,1,1,0,3
82.15438265826117,2.379087959821626,16.944440750587248,0,0,1,2
46.77377200665547,1.7454452243587455,44.66879201860265,0,0,0,1
33.77111737155876,2.4882370222349692,40.46512733516335,0,1,0,0
38.67447736169588,2.2771374366176436,21.718088654309966,1,0,1,1
47.611941924912784,1.3127657715360037,12.196054219070357,0,0,1,1
39.42541183291735,2.3958928219658744,43.09838562863659,0,0,0,1
41.91043430892535,1.1745495968282142,48.31584748793984,1,0,0,1
51.369136194609325,2.2261745627367873,22.937640625801,1,0,1,2
40.64386514829646,1.5709349402148702,42.68995624133883,0,0,1,1
110.08948076413682,2.3169614806676044,27.707854456690196,1,1,1,2
31.702439583517652,2.3020850351611752,46.79241299695706,0,0,0,0
74.35309339874445,2.2088881001764316,15.952916493643187,1,1,0,1
63.3980953910075,2.185045654460592,57.41290015817046,0,1,0,2
118.3083472232262,1.4570187086470612,21.244575787934785,0,0,1,2
34.755734608133025,1.1213789245768782,26.067159265369174,0,1,1,0
62.194137508391194,1.6044702681477423,7.485517124820987,0,1,1,0
117.06916159443541,1.260286772479763,10.690732739276584,1,0,0,1
107.08868408582211,2.0424266333536925,34.95171416273969,1,0,1,3
102.43891881113088,1.5191495898066782,20.055560603678288,1,0,0,2
48.75867139631423,2.4634153012898725,54.12881354453166,1,1,1,1
40.405208389446315,1.961458116017998,4.881603319297231,0,1,0,0
88.18974911274537,2.2337208454515416,26.745642920316172,0,0,0,2
113.22009495624823,1.1987870091127726,24.24073280614556,1,0,1,2
77.44923772933726,2.293021723408934,5.159657855056063,1,1,0,0
78.87481818911039,2.3841357857700913,11.462103940030612,1,1,1,1
50.87799299138728,1.730592878228404,28.818560495118117,1,1,0,2
97.87132158642595,1.9093794066264662,33.5718750668468,1,1,1,3
41.956199861522244,2.147214701354493,28.257384835292147,0,0,1,1
55.073206694807396,1.2622579408906187,35.85626070472563,0,1,0,2
64.84189810717601,1.7538491146951636,39.70790049434089,0,1,1,2
72.73059635370768,1.5979945416584695,4.595429267670138,1,1,0,0
47.2713343118477,1.2195609882433738,31.845709567210232,1,1,1,1
35.02433517496354,1.551301633437297,61.8099544532553,1,0,1,1
82.61952407439674,1.1022584640782402,35.14193680777292,1,0,1,3
51.708533111064554,1.0387178604242304,44.65253604753719,0,1,1,2
79.79886925657078,1.2027494337322342,22.711831475012993,0,1,0,2
38.81882066632342,2.444672667383761,50.43948268916575,1,0,1,1
70.18944977806248,1.8242943038425254,50.37528891256691,0,0,1,3
75.12858552495224,2.4487332417298298,35.27776285924834,0,1,0,3
28.975059534952983,1.648746817495198,62.560829396752816,1,1,0,0
56.31401070661637,1.4677241996278894,11.533012885759202,1,0,0,1
36.90380898614153,1.7592127942603661,5.01685989337486,1,0,0,0
30.083997165385703,1.6592675329493651,50.20949270542576,1,0,0,0
119.03618230943474,1.1584970263926158,52.42933224189295,1,0,0,3
54.945969117573405,1.9612394720353095,11.212433747234574,1,0,1,1
101.74794680204495,1.3240572737643994,19.934969977516364,0,0,0,2
48.44550285732133,1.9293819323467445,5.053141801997734,0,1,1,0
89.42426133349721,1.9753016385972302,21.598516646833883,1,0,0,2
96.98187454940991,1.2280372796929722,50.38851243512029,0,0,1,3
81.18131909835304,1.0920244406660022,35.07763166275474,1,0,1,3
69.2713141008152,2.1711423791026596,24.885735590097283,1,0,1,2
63.53672775813778,1.6897006356539803,26.304357694379817,1,1,0,2
57.49135358812755,1.0872456932582137,4.081217542928089,1,1,0,0
113.23479784779128,2.492299475754651,21.988031653914152,0,0,0,2
103.73946314762199,1.0866708414945498,42.78752449827583,1,1,0,3
116.6425834239852,2.0425528432878295,62.45166662898143,0,1,1,3
35.9325334546123,2.4755183878951206,54.82364961903397,1,1,0,1
94.16327761954985,1.3587701563238883,5.415697878731748,1,1,1,0
114.08068385481963,1.2133740530307944,57.91363628049036,1,1,1,3
41.39837435190337,1.1820774091336435,50.991904797917556,0,1,0,1
30.38364166721064,1.4549127213513933,50.82256741425883,1,0,0,0
95.14758233184567,1.15156871651597,31.47974554021429,1,0,0,2
79.14941886527154,2.0382420125411977,27.88031757727017,1,0,1,2
104.81556256879412,1.093437697195094,22.174943729991558,0,0,0,2
37.41814815612379,1.7641331922246846,7.9416915372619465,0,0,1,0
100.34566193854945,2.495045280779465,17.694121809621947,0,1,0,2
43.356222724583475,2.220955404259028,18.79621809868148,1,0,1,1
39.71097051510763,1.9228291573465164,33.0446241826121,0,0,0,1
39.76951660137532,1.4593804311799174,48.84666439580164,1,1,0,1
102.19917314221269,1.9358437544374576,32.428589703876796,0,1,1,3
87.85893318683522,1.7905621958674773,7.470666966829636,0,0,0,0
74.21428077783546,1.6391250758355573,61.46738805929223,1,1,0,3
58.44772647585624,1.1960655651102992,60.56345914564673,0,1,0,2
108.2112519180584,2.3299063228607,51.1113725889045,1,1,0,3
61.674730312573,1.6746769732319837,63.479674093853234,1,1,0,2
102.3935461892714,1.2919337677311475,36.66893996801578,0,0,0,3
66.15695122274097,1.5516390263159345,61.76610101519236,1,1,0,2
60.18666522479113,1.6211946287933905,8.536302437005046,1,0,1,1
68.41725942428222,2.241306843350311,25.94084489568228,0,0,1,2
52.93227591975764,2.1004215708421032,17.52287608040595,0,1,0,2
95.7705004969201,2.15395734046201,15.749985048056201,1,1,0,1
72.261157448878,1.016546896642971,12.448176933560564,0,1,0,1
46.29241873409446,1.6242309972696423,41.3448184939598,1,0,1,1
110.35915903435857,1.7220162274529853,50.87931134483831,1,1,1,3
60.85355725182829,1.028788415234585,38.69790396522164,0,1,0,2
76.1810746669429,1.3897198131175514,12.81776257529258,0,1,1,1
111.02132265259651,2.1404347346832022,52.66742619600826,0,1,0,3
83.92684760774324,1.2056645585934986,42.15728242982371,0,1,0,3
35.22221190800295,1.8029651971788874,27.28994236761973,1,0,0,1
114.22388386689362,1.3228028080258563,44.44781773216378,1,1,0,3
84.25997309485612,1.0181811619658399,19.59429875456997,0,1,1,2
56.15093900708027,1.3618021863993122,24.71153250965263,0,1,1,2
37.37011897568517,2.463810632365081,59.049150587919414,1,0,0,1
100.22641816994842,2.2023056678244846,21.430270340285222,1,1,1,2
83.5269845691373,2.43936496648155,32.19929608947619,1,0,1,3
75.21226482972686,1.7317810658895436,57.40846824376088,1,0,0,3
109.81368797289193,1.1646042980162552,46.463281016051646,0,1,1,3
99.70533227755496,1.8219392334605393,7.732193569882165,1,1,0,0
38.56078845434411,1.6815660018399412,12.838182656738221,1,1,0,1
53.92531850837263,2.266535624109424,4.4704954463150095,0,0,0,0
47.85495742218871,1.147123871176367,41.855307413749806,1,0,0,1
95.41884408697699,1.7323617055326672,30.8604055246251,1,0,1,2
27.21911373463482,1.2250729970409764,12.056491054136533,0,0,0,0
78.70940974764639,1.48701389033509,61.47604726340623,0,0,1,3
97.19603383110629,2.1060356160816998,35.7795834367372,0,0,0,3
108.16950112912795,1.7140271940531497,18.51359764677335,1,1,0,2
56.83984787672712,1.563832427718654,34.03621426928245,1,1,1,2
102.84070124851323,1.5917144178550529,44.777219964106465,0,0,0,3
34.620646747699894,1.68917015260898,8.574353078413868,0,1,1,0
105.25942000651375,2.1775248157555853,20.48222890287352,1,1,1,2
36.23891158387031,2.338127033410352,52.41792945303962,0,0,0,1
62.13957989379526,2.4330020297558925,31.579892224159675,0,0,0,2
100.54035511483715,2.1803550793829425,36.794628521937696,0,1,0,3
38.39207302548228,1.473110343622019,29.968960132568156,1,0,0,1
46.008133942333586,2.0322020591298133,6.633996558580307,1,0,0,0
93.33624656573437,1.6564046860830879,13.944986789209356,1,1,0,1
93.12350750842313,1.3820059330690768,30.732498324513454,1,0,1,2
85.55017275698854,2.261307369138884,16.55112792447567,1,1,1,2
90.6190506688416,1.0576395234434874,6.998741719580725,1,1,0,0
76.10154656136923,2.352642988203135,54.61897984310942,0,1,1,3
48.172709655067464,1.6922161969371012,62.87155174984695,1,1,1,1
57.186815376376266,1.9558022152124206,51.588572439804366,1,1,0,2
41.43338081293686,1.989030883308674,55.22709530228002,0,0,0,1
111.21125388802832,2.3426766110598045,18.518627819022722,1,0,1,2
80.00561229754757,1.9550045232508109,61.63761853079198,1,0,0,3
62.48173600930943,1.9209003771400925,15.815542267205704,0,0,1,1
68.35255714983674,1.099978060841035,61.08578862170994,0,1,0,2
114.93920060273427,1.7776120329178062,63.68915763795706,0,1,1,3
38.721734699143695,1.2252535012255625,46.70336834476292,1,0,1,1
80.27806387361254,2.1061506530822283,62.86862390750932,0,1,1,3
72.56531317290873,1.7683328812190118,38.17238677402622,1,0,1,3
82.69960660172619,2.02034166881253,19.572506990565422,1,0,0,2
25.73857764680069,1.0625093509035763,30.219753139937254,1,0,0,0
107.72389525863855,1.1271880240687049,39.61365612272716,1,1,1,3
113.48335511842679,2.0744850820940233,8.3848937216209,0,1,1,1
78.25278562456405,1.10812650399801,41.340595877034765,0,1,0,3
90.87847909218166,1.1068850916478878,62.870670205737675,1,1,0,3
112.55994059302039,1.0181627128523312,15.406458987023658,0,0,1,1
91.89490889408627,2.4347520974492203,51.555706977303,1,1,1,3
38.643748119769086,2.1062625391885104,58.47392762677716,1,1,1,1
79.32368257601406,1.5298771127530961,60.62209556921325,1,1,1,3
82.24464445275416,1.4448033719314828,61.60813626432683,0,0,1,3
64.71654444502906,1.5245548446187742,35.287578323288315,1,0,0,2
94.69864661997339,2.1619802967717727,62.63847447949022,1,1,1,3
113.69923341782543,1.9920559166056215,49.438612428066335,0,1,0,3
112.85457723905053,1.277793351801202,13.700286174217714,0,1,0,1
67.28057965479668,1.2611640030011264,32.614006388078195,0,1,0,2
34.87085240071251,1.147593474570096,47.09987052232024,0,0,1,0
118.54475510038412,1.9904540795520071,18.840418949145,1,1,0,2
104.53421629880967,2.146558993332604,42.436911012933244,0,1,0,3
35.967617395513614,1.3975696424875061,43.99602874279715,1,1,0,1
112.40082073126774,1.0314174415463693,13.761984628513954,0,0,0,1
107.51005075796431,1.123257501214641,37.905118747165375,0,0,1,3
73.80845348410293,2.4517900522675458,50.29761465871646,0,1,1,3
80.7624418315132,1.4431671662161305,33.933739872156515,0,1,0,3
62.304259571532505,2.1538347217572005,4.7261870065664455,0,1,0,0
29.257117326915008,1.9369953532813957,4.542308144757531,0,1,1,0
56.178935198006485,1.5729094594793438,25.42176063820073,1,1,1,2
101.0739310654091,1.3085308932933326,59.57164410590692,0,0,1,3
24.444674208441874,1.1820796272391096,17.720606776216528,0,0,0,0
56.01592048234984,1.9225194520583,42.06182133230123,0,0,1,2
62.224194584730554,2.1619506709566823,17.324552241599235,0,1,0,2
75.5899778820406,1.965856380311696,23.300199379572916,1,0,0,2
112.306139175625,1.7954531998737375,54.882525376089035,0,0,1,3
57.24921545913228,1.0629268351474543,47.73168653619681,0,0,0,2
57.307507382037855,2.4527331663915755,9.723956638792638,0,1,1,1
94.80011981853585,2.198071287481862,29.722121259186018,0,1,0,2
67.41292232542149,1.4392330550514472,5.7501858187158685,1,0,1,0
45.56206300223827,2.4699554940382757,32.85340879618054,0,1,0,1
67.43419354873856,1.9028223844544832,43.746040702064086,1,0,0,2
37.522273956460786,1.8736339873108698,11.110157415889093,0,0,1,1
40.93315070459744,2.122109769144298,21.33309633454994,1,0,1,1
71.84330618299006,2.2176546821352066,27.870197530129417,1,0,1,2
64.2168431524366,1.984717910997254,59.17186147936299,0,1,1,2
111.82520650253761,1.1921436195493,63.59530092537784,0,1,0,3
58.78981431519678,1.5074012589917476,6.694677939736952,1,1,1,0
79.73648162669217,2.3921254604890745,49.660475409723524,1,1,1,3
84.69737164027492,1.3369234177657778,26.303443984140593,0,0,0,2
25.25706783248003,1.55825053575627,27.5474911737688,1,1,1,0
87.69958771360422,1.648115324416294,49.25589840082136,1,0,1,3
41.09145281949614,1.6591074845416782,59.105585928724516,1,1,0,1
116.2627504770677,1.9194093737417883,61.05571567015291,0,1,1,3
38.271621864298844,2.4146137566170616,38.627355162299246,1,1,1,1
63.80391587779428,1.3610390677487574,25.42726955803017,1,0,1,2
32.19356813554981,1.1822520644513772,51.25294515152675,1,0,1,0
119.69992817721095,1.2962057347899059,19.060082995738014,0,0,1,2
72.21072099179929,2.330387350313904,37.84444173001106,0,0,1,3
81.1569616627242,1.968716218982809,25.51470769149239,1,1,0,2
30.439341829289038,1.4288601838587403,43.397864422472566,0,0,1,0
95.99620515832106,2.223920408452926,18.423934773610412,1,0,0,2
44.15093693717623,2.292054994545154,15.495576744089547,0,1,0,1
110.21321178630852,2.269771508035417,59.09434520052623,0,1,0,3
43.69340548627269,2.3783898004593316,10.108220976972214,1,0,0,1
42.30602118371199,1.3783615302600425,34.3574744640959,0,1,1,1
27.50876811341711,2.1325628931194176,17.251166977780535,0,0,1,0
69.31842673055993,1.69080924591121,6.335797799540047,0,1,1,0
78.22474879321118,2.2629978293350925,6.161129097485583,1,0,0,0
30.308029385121827,2.0927360157424197,14.51330632634964,0,0,1,0
98.45065120272102,2.164671169749587,56.006221270360015,0,0,1,3
67.51572813581065,1.9842427565216072,20.9487246386216,1,0,1,2
74.34146585544768,1.2661431542045603,61.02755023451774,0,0,0,3
66.3132237060699,1.8175403783454076,38.897337579351614,0,1,0,2
62.47325384403129,2.4770046092867624,30.196851386125964,0,0,1,2
77.72547180558891,2.4060820997456784,38.80533008016727,0,0,0,3
38.9030636093484,1.0647606036955175,35.00190311357606,0,0,0,1
41.46510052754603,1.2472222235941557,49.52657522543951,1,0,1,1
106.73141961729766,1.1975931601818428,20.949763958371136,1,0,0,2
114.82708436482875,2.088969864977943,25.183023496018144,0,1,0,2
59.83769436285628,2.2266779947854176,57.64565815199504,0,1,1,2
49.99148862178116,1.3202670494660078,60.78739078902433,0,0,0,1
85.82395615094552,1.7587790394277434,57.55349364918847,1,1,0,3
63.23848042541725,2.2610545420168,29.166879637438814,1,0,0,2
26.437090143393107,2.099202317149376,50.8219301804129,0,1,0,0
38.990649347154275,1.8133558082377723,32.58014399806593,0,1,0,1
92.73333396935016,1.8855215356881594,33.85239112876613,1,0,0,3
87.25669842337453,1.76254082037442,16.280806543437038,0,1,0,2
26.601215280334415,1.446322676978231,39.467818195510986,1,1,0,0
45.30932754556315,1.8475329892885242,15.168153865200876,1,0,1,1
46.18318047245485,2.033327953075136,23.893881944031627,0,0,1,1
88.50170338547792,2.3099843737912114,55.301812097196105,1,1,1,3
25.89221162441896,1.9544370309688721,16.424548552651313,0,1,1,0
33.994423870519086,2.141682305564737,8.269497110405968,0,1,0,0
100.79194419582618,1.2401074524318596,8.140455556768979,0,0,1,1
41.14028755721603,1.692336211629685,60.447071230186474,0,1,1,1
86.66362635377997,1.01399742974064,34.415226277710076,0,1,0,3
46.865546980485746,1.3700182967824346,28.5647243090211,0,1,0,1
33.546373704897135,2.0896925726695073,52.65271486047511,1,0,0,0
47.344530335947596,2.487714927024045,54.14955567463096,1,0,0,1
93.33762545814328,1.1487671493808238,23.931461986936277,1,0,0,2
106.14686093820343,1.6022414737919324,45.617083448427714,1,0,1,3
103.70110699843119,2.2001064530487393,50.2673689511132,0,1,0,3
62.12961884337166,1.3060534519433482,43.27904121195727,1,0,1,2
88.13617311078204,1.8326274239534293,13.095704488005962,1,1,1,1
43.67849235991881,2.0996069440445124,56.552985011023424,1,1,0,1
52.14218210505727,1.9239781753902685,36.34567316416052,0,1,1,2
110.0482385780275,1.2820371019231243,20.948345582200222,1,1,1,2
25.24818465703066,1.5330768530286092,29.513691126261634,0,0,0,0
32.208818962028936,2.1756876767280957,6.254265423934443,1,0,1,0
43.957080494018626,1.8313397711980248,11.672008073345054,0,0,1,1
26.547091571886693,1.007844420314369,49.93280503095165,0,0,1,0
41.41780176862054,2.141486140042141,4.000698085321968,1,0,0,0
79.97198985309045,1.0529670324103586,28.99394970893753,0,1,0,2
64.4567568568798,2.1186006740968484,35.35061086513531,0,0,0,2
109.69648426338958,1.3037208402478562,7.278065200058338,1,0,1,0
102.47458192689032,2.43711022017907,62.38468977833997,1,0,0,3
56.81446576299609,1.5519111269531267,17.567519874980317,1,0,1,2
48.904649609404075,1.4903974245071185,22.251923178176853,0,1,0,1
60.45047118405762,1.223332075498667,22.23655073530164,0,1,1,2
80.66831448142155,1.4584063232353224,17.824999727040996,0,1,0,2
49.73410951899612,2.314976142742301,4.088429325178685,1,1,0,0
83.91829515351687,2.494501506440871,47.76068764527978,0,1,1,3
63.30351861035908,1.5524642957602726,62.01072998795712,0,0,0,2
76.9965293617901,1.672915946431814,17.457608997102703,0,1,1,2
65.8681467969904,2.0831064073041055,43.78283150820535,0,1,0,2
52.2687129160241,2.329293670697612,48.51377961752291,0,1,0,2
115.05151746836704,1.8895665012801763,54.90552274543148,0,0,1,3
97.30615623933704,1.587288547266744,29.357751820816546,0,0,1,2
37.45086487357945,1.6189327612729356,22.175854338425754,1,1,1,1
107.37292568619964,2.0434272197452104,23.517708041381866,1,0,0,2
70.79339503195331,1.004827395406418,46.75727998591077,1,0,1,3
109.87701378183277,1.929384006189761,53.00676799033816,0,1,0,3
100.78610457094226,1.5332395156620362,14.89683806539616,0,0,1,1
64.82049642904641,2.1912959969156263,26.256460489465912,1,0,1,2
26.15705359873127,1.1394859597346982,58.116411804949,0,0,1,0
49.793026500954824,1.8823034004225858,52.40161118168435,1,1,1,1
75.99688460744322,1.7214593348291856,63.091504165748546,0,1,1,3
84.81390910331014,1.963488288857841,49.254895580924845,0,1,1,3
48.757217801587416,1.0972803917244525,27.591712061675338,1,0,0,1
37.37818311099112,1.869975681142197,39.438270039678265,1,1,1,1
104.15330273273271,1.8422268819392855,43.66085525483922,1,0,0,3
118.50260934754101,1.8409901416242564,8.707348979027437,1,0,1,1
74.46625750105784,1.9052314998946822,36.669817546231904,1,0,1,3
40.48121144143714,2.0147019058395434,46.559249708356575,0,1,1,1
50.14150334585942,2.2074834995211545,14.039278240063624,0,1,0,1
25.765504948556806,1.4047310801923216,50.83790304553343,0,1,0,0
111.77268542980791,2.237574115270093,39.0263668308467,1,1,1,3
35.30410395745355,1.7473835233951804,61.13330714185568,1,0,0,1
79.34558164936834,1.1155874187014967,6.545337892413501,1,1,1,0
50.309301185971776,1.087826393865969,19.919568253328016,1,0,1,2
77.20108824151617,1.5013574780440913,40.09323275798944,1,1,0,3
86.53635728177896,2.1773454656672016,21.793594732355842,1,1,0,2
103.65521315589136,2.0615214021113735,46.86544984427453,0,1,0,3
43.81644208901791,2.1829224470086097,49.54031695131586,0,0,0,1
25.055599551214126,1.775903584662414,10.150957843988467,0,0,1,0
37.1410204866055,1.660298496933236,34.831267852406064,0,0,0,1
110.40178961741809,1.221178790059426,34.53343333546336,0,0,0,3
107.89344744600146,1.4922891304139674,26.156846212932464,1,0,1,2
81.3516578083496,1.6510290492608128,59.975491754180325,1,1,0,3
81.64961860163072,1.1329006445194258,53.650379192393274,1,0,0,3
87.84352075644053,1.330917929066817,45.832562914578205,1,0,0,3
40.83564274785116,1.8973379410956082,46.859598144099856,1,0,0,1
111.78354680879613,2.103494671358785,31.702968628787147,1,0,1,2
64.20197038963902,2.4975212670894242,59.25967126579455,0,1,1,2
60.781298711951756,2.3996699970153363,45.675725635197125,1,0,0,2
73.8160997071524,1.9638477993027874,47.73886369934899,1,1,0,3
28.508732810405284,1.631872079941108,55.70145422724072,1,1,1,0
39.96320340058362,1.9542660470623492,20.44429536053146,1,1,0,1
94.85122717693156,2.178477427120348,52.42425423200218,0,0,0,3
31.94867212081214,1.1775042863850809,15.714436177389523,0,1,0,0
81.90260250877327,1.6148573345444324,24.72051713469327,1,0,0,2
47.55351452940681,2.2597034284534256,24.13662725619056,0,0,0,1
61.37237894802975,1.575749427899566,62.711528103348435,0,0,0,2
51.71459872998719,1.8578084068407799,55.39223342487561,1,0,0,2
58.14458078063512,1.8816540412932974,46.07019169541559,1,0,0,2
93.02840689768757,1.276714379700459,47.623405696923406,1,1,0,3
52.5236846998248,1.5433531624784327,37.724367664154265,1,1,1,2
78.37484546850213,1.5017669331128982,60.825440026511146,1,0,1,3
69.70083861111357,1.0392950627980972,33.77552517294169,0,1,1,2
87.71243187481423,1.036287645837033,26.83106259219367,1,0,0,2
113.93565497517676,2.2475455655136605,13.78212021589546,1,1,0,1
94.32692133218403,1.4096062149592186,51.17233913566348,1,1,1,3
44.634276344712646,1.777118149358223,48.06663592453549,0,1,0,1
26.99358096588333,1.4480883603831596,27.06130231144809,1,1,1,0
49.177348252783204,2.4110188676730107,5.511604837553762,1,1,0,0
81.12748134722446,1.3889451382986606,54.339839663080646,1,0,1,3
28.936878094488033,1.6444852191084025,4.685079007244418,0,0,1,0
71.65115973131869,2.309095375726903,46.221986777743055,1,1,1,3
81.29691349602136,2.2629003501877127,62.21542658356342,1,0,0,3
56.087413518428235,1.279152126769416,30.25967968889221,1,1,1,2
98.0075715595989,2.2039649646935655,18.098404299757163,0,0,0,2
34.2334323008421,1.687280330106839,46.2922606026029,1,1,0,0
31.21322704663764,1.7244533081280329,53.02768852093511,1,1,0,0
93.90612059554593,1.2002199586239157,36.78581896467084,1,1,0,3
71.56716635579505,1.120902270635687,62.02211651536877,0,0,0,3
90.08663005706266,2.091908960460648,7.100123299477666,1,0,0,0
65.74342450595964,1.7446917285329495,34.28773589827169,1,1,0,2
47.654595190954254,1.6552760539227693,47.10723683935301,1,1,1,1
102.63382249672317,2.0942623429785954,55.75842826895074,0,0,1,3
100.74392438102201,2.1482693484866644,14.755336714467402,0,0,1,1
90.69086120202496,1.2383622515040305,52.000208905820884,1,0,0,3
50.12593317407642,1.915337724216462,37.162424543112714,0,0,0,2
80.66214401943236,1.2030311234165283,27.793220919397793,0,0,0,2
58.653494106242576,2.127062629043569,11.902901714745614,0,1,0,1
32.79187903935688,1.9854327344007092,55.917745534534745,1,0,1,0
112.06210324437531,2.434921931625187,13.436392490782922,1,1,0,1
37.134588568220295,1.1034370245346317,22.587271552545953,0,1,1,1
115.22278596679703,1.0855820817268815,21.402731917746213,0,0,0,2
66.81655420396375,1.4232806120398003,56.28484205145126,0,0,1,2
